task_id,subgroup,gold,incorrect,eligible
BigCodeBench/614,prior200,pass,fail,True
BigCodeBench/552,prior200,pass,fail,True
BigCodeBench/1081,prior200,pass,fail,True
BigCodeBench/1075,prior200,pass,fail,True
BigCodeBench/591,prior200,pass,fail,True
BigCodeBench/24,prior200,pass,fail,True
BigCodeBench/1041,prior200,pass,fail,True
BigCodeBench/446,prior200,pass,fail,True
BigCodeBench/603,prior200,pass,fail,True
BigCodeBench/687,prior200,pass,fail,True
BigCodeBench/705,prior200,pass,fail,True
BigCodeBench/37,prior200,pass,fail,True
BigCodeBench/701,prior200,pass,fail,True
BigCodeBench/999,prior200,pass,fail,True
BigCodeBench/71,prior200,pass,fail,True
BigCodeBench/797,prior200,pass,fail,True
BigCodeBench/612,prior200,pass,fail,True
BigCodeBench/75,prior200,pass,fail,True
BigCodeBench/390,prior200,pass,fail,True
BigCodeBench/803,prior200,pass,fail,True
BigCodeBench/486,prior200,pass,fail,True
BigCodeBench/207,prior200,pass,fail,True
BigCodeBench/601,prior200,pass,fail,True
BigCodeBench/704,prior200,pass,fail,True
BigCodeBench/452,prior200,pass,fail,True
BigCodeBench/253,prior200,pass,fail,True
BigCodeBench/35,prior200,pass,fail,True
BigCodeBench/810,prior200,pass,fail,True
BigCodeBench/1124,prior200,pass,fail,True
BigCodeBench/683,prior200,pass,fail,True
BigCodeBench/1018,prior200,pass,fail,True
BigCodeBench/528,prior200,pass,fail,True
BigCodeBench/1125,prior200,pass,fail,True
BigCodeBench/1010,prior200,pass,fail,True
BigCodeBench/816,prior200,pass,fail,True
BigCodeBench/980,prior200,pass,fail,True
BigCodeBench/915,prior200,pass,fail,True
BigCodeBench/432,prior200,pass,fail,True
BigCodeBench/101,prior200,fail,fail,False
BigCodeBench/271,prior200,pass,fail,True
BigCodeBench/807,prior200,pass,fail,True
BigCodeBench/859,prior200,pass,fail,True
BigCodeBench/1126,prior200,pass,fail,True
BigCodeBench/830,prior200,pass,fail,True
BigCodeBench/440,prior200,pass,fail,True
BigCodeBench/581,prior200,pass,fail,True
BigCodeBench/234,prior200,pass,fail,True
BigCodeBench/149,prior200,pass,fail,True
BigCodeBench/940,prior200,pass,fail,True
BigCodeBench/744,prior200,pass,fail,True
BigCodeBench/723,prior200,pass,fail,True
BigCodeBench/276,prior200,fail,fail,False
BigCodeBench/1000,prior200,pass,fail,True
BigCodeBench/387,prior200,pass,fail,True
BigCodeBench/100,prior200,pass,fail,True
BigCodeBench/275,prior200,pass,fail,True
BigCodeBench/688,prior200,pass,fail,True
BigCodeBench/285,prior200,pass,fail,True
BigCodeBench/708,prior200,pass,fail,True
BigCodeBench/434,prior200,pass,fail,True
BigCodeBench/299,prior200,pass,fail,True
BigCodeBench/984,prior200,pass,fail,True
BigCodeBench/348,prior200,pass,fail,True
BigCodeBench/105,prior200,pass,fail,True
BigCodeBench/726,prior200,pass,fail,True
BigCodeBench/794,prior200,pass,fail,True
BigCodeBench/779,prior200,pass,fail,True
BigCodeBench/439,prior200,pass,fail,True
BigCodeBench/326,prior200,pass,fail,True
BigCodeBench/350,prior200,pass,fail,True
BigCodeBench/479,prior200,pass,fail,True
BigCodeBench/1025,prior200,pass,fail,True
BigCodeBench/391,prior200,pass,fail,True
BigCodeBench/849,prior200,pass,fail,True
BigCodeBench/406,prior200,pass,fail,True
BigCodeBench/554,prior200,pass,fail,True
BigCodeBench/242,prior200,pass,fail,True
BigCodeBench/31,prior200,pass,fail,True
BigCodeBench/1084,prior200,pass,fail,True
BigCodeBench/97,prior200,pass,fail,True
BigCodeBench/211,prior200,pass,fail,True
BigCodeBench/806,prior200,pass,fail,True
BigCodeBench/836,prior200,pass,fail,True
BigCodeBench/842,prior200,pass,fail,True
BigCodeBench/239,prior200,pass,fail,True
BigCodeBench/504,prior200,pass,fail,True
BigCodeBench/228,prior200,pass,fail,True
BigCodeBench/646,prior200,pass,fail,True
BigCodeBench/427,prior200,pass,fail,True
BigCodeBench/219,prior200,pass,fail,True
BigCodeBench/703,prior200,pass,fail,True
BigCodeBench/960,prior200,pass,fail,True
BigCodeBench/436,prior200,pass,fail,True
BigCodeBench/385,prior200,pass,fail,True
BigCodeBench/817,prior200,pass,fail,True
BigCodeBench/589,prior200,pass,fail,True
BigCodeBench/1131,prior200,pass,fail,True
BigCodeBench/202,prior200,pass,fail,True
BigCodeBench/1091,prior200,pass,fail,True
BigCodeBench/388,prior200,pass,fail,True
BigCodeBench/204,prior200,pass,fail,True
BigCodeBench/458,prior200,pass,fail,True
BigCodeBench/1096,prior200,pass,fail,True
BigCodeBench/174,prior200,pass,fail,True
BigCodeBench/861,prior200,pass,fail,True
BigCodeBench/254,prior200,pass,fail,True
BigCodeBench/317,prior200,pass,fail,True
BigCodeBench/530,prior200,pass,fail,True
BigCodeBench/850,prior200,pass,fail,True
BigCodeBench/597,prior200,pass,fail,True
BigCodeBench/1138,prior200,pass,fail,True
BigCodeBench/200,prior200,pass,fail,True
BigCodeBench/168,prior200,pass,fail,True
BigCodeBench/345,prior200,pass,fail,True
BigCodeBench/469,prior200,pass,fail,True
BigCodeBench/509,prior200,pass,fail,True
BigCodeBench/1072,prior200,pass,fail,True
BigCodeBench/382,prior200,pass,fail,True
BigCodeBench/625,prior200,pass,fail,True
BigCodeBench/899,prior200,pass,fail,True
BigCodeBench/14,prior200,fail,fail,False
BigCodeBench/494,prior200,pass,fail,True
BigCodeBench/1051,prior200,pass,fail,True
BigCodeBench/778,prior200,pass,fail,True
BigCodeBench/246,prior200,pass,fail,True
BigCodeBench/33,prior200,pass,fail,True
BigCodeBench/170,prior200,pass,fail,True
BigCodeBench/261,prior200,pass,fail,True
BigCodeBench/1034,prior200,pass,fail,True
BigCodeBench/590,prior200,fail,fail,False
BigCodeBench/1112,prior200,pass,fail,True
BigCodeBench/1007,prior200,pass,fail,True
BigCodeBench/425,prior200,pass,fail,True
BigCodeBench/430,prior200,pass,fail,True
BigCodeBench/767,prior200,pass,fail,True
BigCodeBench/316,prior200,pass,fail,True
BigCodeBench/405,prior200,pass,fail,True
BigCodeBench/686,prior200,pass,fail,True
BigCodeBench/916,prior200,pass,fail,True
BigCodeBench/824,prior200,pass,fail,True
BigCodeBench/167,prior200,pass,fail,True
BigCodeBench/525,prior200,pass,fail,True
BigCodeBench/482,prior200,pass,fail,True
BigCodeBench/318,prior200,pass,fail,True
BigCodeBench/636,prior200,pass,fail,True
BigCodeBench/367,prior200,pass,fail,True
BigCodeBench/1033,prior200,pass,fail,True
BigCodeBench/263,prior200,pass,fail,True
BigCodeBench/659,prior200,pass,fail,True
BigCodeBench/429,prior200,pass,fail,True
BigCodeBench/1130,prior200,pass,fail,True
BigCodeBench/116,prior200,pass,fail,True
BigCodeBench/718,prior200,pass,fail,True
BigCodeBench/163,prior200,pass,fail,True
BigCodeBench/49,prior200,pass,fail,True
BigCodeBench/1056,prior200,pass,fail,True
BigCodeBench/513,prior200,pass,fail,True
BigCodeBench/955,prior200,pass,fail,True
BigCodeBench/975,prior200,pass,fail,True
BigCodeBench/128,prior200,pass,fail,True
BigCodeBench/978,prior200,pass,fail,True
BigCodeBench/38,prior200,pass,fail,True
BigCodeBench/811,prior200,pass,fail,True
BigCodeBench/1059,prior200,pass,fail,True
BigCodeBench/906,prior200,pass,fail,True
BigCodeBench/156,prior200,pass,fail,True
BigCodeBench/1008,prior200,pass,fail,True
BigCodeBench/146,prior200,pass,fail,True
BigCodeBench/565,prior200,pass,fail,True
BigCodeBench/16,prior200,pass,fail,True
BigCodeBench/147,prior200,pass,fail,True
BigCodeBench/435,prior200,pass,fail,True
BigCodeBench/871,prior200,pass,fail,True
BigCodeBench/360,prior200,pass,fail,True
BigCodeBench/695,prior200,pass,fail,True
BigCodeBench/273,prior200,pass,fail,True
BigCodeBench/354,prior200,pass,fail,True
BigCodeBench/109,prior200,pass,fail,True
BigCodeBench/914,prior200,pass,fail,True
BigCodeBench/418,prior200,pass,fail,True
BigCodeBench/258,prior200,pass,fail,True
BigCodeBench/1128,prior200,pass,fail,True
BigCodeBench/545,prior200,pass,fail,True
BigCodeBench/596,prior200,pass,fail,True
BigCodeBench/888,prior200,pass,fail,True
BigCodeBench/1028,prior200,fail,fail,False
BigCodeBench/844,prior200,pass,fail,True
BigCodeBench/715,prior200,pass,fail,True
BigCodeBench/150,prior200,pass,fail,True
BigCodeBench/407,prior200,pass,fail,True
BigCodeBench/153,prior200,pass,fail,True
BigCodeBench/428,prior200,pass,fail,True
BigCodeBench/1069,prior200,pass,fail,True
BigCodeBench/982,prior200,pass,fail,True
BigCodeBench/249,prior200,pass,fail,True
BigCodeBench/917,prior200,pass,fail,True
BigCodeBench/48,prior200,pass,fail,True
BigCodeBench/293,prior200,pass,fail,True
BigCodeBench/650,prior200,pass,fail,True
BigCodeBench/986,prior200,pass,fail,True
BigCodeBench/927,new800,pass,fail,True
BigCodeBench/29,new800,pass,fail,True
BigCodeBench/368,new800,pass,fail,True
BigCodeBench/81,new800,fail,fail,False
BigCodeBench/763,new800,pass,fail,True
BigCodeBench/872,new800,pass,fail,True
BigCodeBench/164,new800,pass,fail,True
BigCodeBench/399,new800,pass,fail,True
BigCodeBench/534,new800,pass,fail,True
BigCodeBench/194,new800,pass,fail,True
BigCodeBench/176,new800,fail,fail,False
BigCodeBench/1060,new800,pass,fail,True
BigCodeBench/53,new800,pass,fail,True
BigCodeBench/454,new800,pass,fail,True
BigCodeBench/278,new800,pass,fail,True
BigCodeBench/931,new800,pass,fail,True
BigCodeBench/26,new800,pass,fail,True
BigCodeBench/69,new800,pass,fail,True
BigCodeBench/36,new800,pass,fail,True
BigCodeBench/235,new800,pass,fail,True
BigCodeBench/28,new800,pass,fail,True
BigCodeBench/272,new800,fail,fail,False
BigCodeBench/262,new800,pass,fail,True
BigCodeBench/643,new800,pass,fail,True
BigCodeBench/585,new800,pass,fail,True
BigCodeBench/740,new800,pass,fail,True
BigCodeBench/416,new800,pass,fail,True
BigCodeBench/800,new800,pass,fail,True
BigCodeBench/606,new800,pass,fail,True
BigCodeBench/229,new800,pass,fail,True
BigCodeBench/578,new800,pass,fail,True
BigCodeBench/1120,new800,pass,fail,True
BigCodeBench/450,new800,pass,fail,True
BigCodeBench/738,new800,pass,fail,True
BigCodeBench/998,new800,pass,fail,True
BigCodeBench/70,new800,pass,fail,True
BigCodeBench/131,new800,pass,fail,True
BigCodeBench/752,new800,pass,fail,True
BigCodeBench/467,new800,pass,fail,True
BigCodeBench/587,new800,pass,fail,True
BigCodeBench/338,new800,pass,fail,True
BigCodeBench/127,new800,pass,fail,True
BigCodeBench/96,new800,pass,fail,True
BigCodeBench/694,new800,pass,fail,True
BigCodeBench/863,new800,pass,fail,True
BigCodeBench/172,new800,pass,fail,True
BigCodeBench/1043,new800,pass,fail,True
BigCodeBench/945,new800,pass,fail,True
BigCodeBench/372,new800,pass,fail,True
BigCodeBench/845,new800,fail,fail,False
BigCodeBench/169,new800,fail,fail,False
BigCodeBench/672,new800,pass,fail,True
BigCodeBench/818,new800,pass,fail,True
BigCodeBench/300,new800,pass,fail,True
BigCodeBench/668,new800,pass,fail,True
BigCodeBench/417,new800,pass,fail,True
BigCodeBench/1106,new800,pass,fail,True
BigCodeBench/730,new800,pass,fail,True
BigCodeBench/908,new800,pass,fail,True
BigCodeBench/607,new800,pass,fail,True
BigCodeBench/20,new800,pass,fail,True
BigCodeBench/54,new800,pass,fail,True
BigCodeBench/1015,new800,pass,fail,True
BigCodeBench/553,new800,pass,fail,True
BigCodeBench/308,new800,pass,fail,True
BigCodeBench/881,new800,pass,fail,True
BigCodeBench/295,new800,pass,fail,True
BigCodeBench/186,new800,fail,fail,False
BigCodeBench/32,new800,pass,fail,True
BigCodeBench/577,new800,pass,fail,True
BigCodeBench/72,new800,pass,fail,True
BigCodeBench/1127,new800,pass,fail,True
BigCodeBench/389,new800,pass,fail,True
BigCodeBench/1070,new800,pass,fail,True
BigCodeBench/284,new800,pass,fail,True
BigCodeBench/88,new800,pass,fail,True
BigCodeBench/1055,new800,pass,fail,True
BigCodeBench/1097,new800,pass,fail,True
BigCodeBench/832,new800,pass,fail,True
BigCodeBench/679,new800,pass,fail,True
BigCodeBench/910,new800,pass,fail,True
BigCodeBench/182,new800,pass,fail,True
BigCodeBench/725,new800,pass,fail,True
BigCodeBench/623,new800,pass,fail,True
BigCodeBench/642,new800,pass,fail,True
BigCodeBench/189,new800,pass,fail,True
BigCodeBench/671,new800,pass,fail,True
BigCodeBench/256,new800,pass,fail,True
BigCodeBench/238,new800,pass,fail,True
BigCodeBench/948,new800,pass,fail,True
BigCodeBench/21,new800,fail,fail,False
BigCodeBench/443,new800,pass,fail,True
BigCodeBench/347,new800,pass,fail,True
BigCodeBench/286,new800,pass,fail,True
BigCodeBench/381,new800,pass,fail,True
BigCodeBench/556,new800,pass,fail,True
BigCodeBench/423,new800,pass,fail,True
BigCodeBench/342,new800,pass,fail,True
BigCodeBench/689,new800,pass,fail,True
BigCodeBench/1030,new800,pass,fail,True
BigCodeBench/796,new800,pass,fail,True
BigCodeBench/241,new800,pass,fail,True
BigCodeBench/1024,new800,pass,fail,True
BigCodeBench/579,new800,pass,fail,True
BigCodeBench/1046,new800,pass,fail,True
BigCodeBench/593,new800,pass,fail,True
BigCodeBench/714,new800,pass,fail,True
BigCodeBench/1004,new800,pass,fail,True
BigCodeBench/798,new800,pass,fail,True
BigCodeBench/282,new800,pass,fail,True
BigCodeBench/353,new800,pass,fail,True
BigCodeBench/864,new800,pass,fail,True
BigCodeBench/56,new800,pass,fail,True
BigCodeBench/676,new800,pass,fail,True
BigCodeBench/331,new800,pass,fail,True
BigCodeBench/632,new800,pass,fail,True
BigCodeBench/750,new800,pass,fail,True
BigCodeBench/535,new800,pass,fail,True
BigCodeBench/926,new800,pass,fail,True
BigCodeBench/616,new800,pass,fail,True
BigCodeBench/243,new800,pass,fail,True
BigCodeBench/617,new800,pass,fail,True
BigCodeBench/183,new800,fail,fail,False
BigCodeBench/1050,new800,pass,fail,True
BigCodeBench/124,new800,pass,fail,True
BigCodeBench/91,new800,pass,fail,True
BigCodeBench/913,new800,pass,fail,True
BigCodeBench/84,new800,pass,fail,True
BigCodeBench/393,new800,pass,fail,True
BigCodeBench/934,new800,pass,fail,True
BigCodeBench/43,new800,pass,fail,True
BigCodeBench/1009,new800,pass,fail,True
BigCodeBench/841,new800,pass,fail,True
BigCodeBench/665,new800,pass,fail,True
BigCodeBench/386,new800,pass,fail,True
BigCodeBench/1133,new800,pass,fail,True
BigCodeBench/1137,new800,pass,fail,True
BigCodeBench/852,new800,pass,fail,True
BigCodeBench/431,new800,pass,fail,True
BigCodeBench/981,new800,pass,fail,True
BigCodeBench/925,new800,pass,fail,True
BigCodeBench/721,new800,pass,fail,True
BigCodeBench/236,new800,pass,fail,True
BigCodeBench/1079,new800,pass,fail,True
BigCodeBench/815,new800,pass,fail,True
BigCodeBench/137,new800,pass,fail,True
BigCodeBench/941,new800,pass,fail,True
BigCodeBench/1132,new800,pass,fail,True
BigCodeBench/1054,new800,pass,fail,True
BigCodeBench/401,new800,fail,fail,False
BigCodeBench/359,new800,pass,fail,True
BigCodeBench/673,new800,pass,fail,True
BigCodeBench/73,new800,pass,fail,True
BigCodeBench/867,new800,pass,fail,True
BigCodeBench/165,new800,pass,fail,True
BigCodeBench/666,new800,pass,fail,True
BigCodeBench/25,new800,pass,fail,True
BigCodeBench/42,new800,pass,fail,True
BigCodeBench/206,new800,pass,fail,True
BigCodeBench/641,new800,pass,fail,True
BigCodeBench/974,new800,pass,fail,True
BigCodeBench/377,new800,fail,fail,False
BigCodeBench/873,new800,pass,fail,True
BigCodeBench/782,new800,pass,fail,True
BigCodeBench/291,new800,pass,fail,True
BigCodeBench/457,new800,pass,fail,True
BigCodeBench/630,new800,pass,fail,True
BigCodeBench/891,new800,pass,fail,True
BigCodeBench/930,new800,pass,fail,True
BigCodeBench/329,new800,pass,fail,True
BigCodeBench/541,new800,pass,fail,True
BigCodeBench/531,new800,pass,fail,True
BigCodeBench/1086,new800,pass,fail,True
BigCodeBench/985,new800,pass,fail,True
BigCodeBench/220,new800,fail,fail,False
BigCodeBench/409,new800,pass,fail,True
BigCodeBench/790,new800,pass,fail,True
BigCodeBench/604,new800,pass,fail,True
BigCodeBench/330,new800,pass,fail,True
BigCodeBench/251,new800,pass,fail,True
BigCodeBench/244,new800,pass,fail,True
BigCodeBench/952,new800,pass,fail,True
BigCodeBench/588,new800,pass,fail,True
BigCodeBench/422,new800,pass,fail,True
BigCodeBench/50,new800,pass,fail,True
BigCodeBench/713,new800,pass,fail,True
BigCodeBench/289,new800,pass,fail,True
BigCodeBench/653,new800,pass,fail,True
BigCodeBench/1071,new800,pass,fail,True
BigCodeBench/505,new800,pass,fail,True
BigCodeBench/786,new800,pass,fail,True
BigCodeBench/663,new800,pass,fail,True
BigCodeBench/152,new800,pass,fail,True
BigCodeBench/349,new800,pass,fail,True
BigCodeBench/296,new800,pass,fail,True
BigCodeBench/788,new800,pass,fail,True
BigCodeBench/989,new800,pass,fail,True
BigCodeBench/115,new800,pass,fail,True
BigCodeBench/654,new800,pass,fail,True
BigCodeBench/1048,new800,pass,fail,True
BigCodeBench/521,new800,pass,fail,True
BigCodeBench/287,new800,pass,fail,True
BigCodeBench/569,new800,pass,fail,True
BigCodeBench/1053,new800,pass,fail,True
BigCodeBench/1101,new800,pass,fail,True
BigCodeBench/890,new800,pass,fail,True
BigCodeBench/161,new800,pass,fail,True
BigCodeBench/1108,new800,pass,fail,True
BigCodeBench/831,new800,pass,fail,True
BigCodeBench/746,new800,pass,fail,True
BigCodeBench/599,new800,pass,fail,True
BigCodeBench/187,new800,fail,fail,False
BigCodeBench/85,new800,pass,fail,True
BigCodeBench/78,new800,fail,fail,False
BigCodeBench/887,new800,pass,fail,True
BigCodeBench/944,new800,pass,fail,True
BigCodeBench/68,new800,pass,fail,True
BigCodeBench/232,new800,pass,fail,True
BigCodeBench/312,new800,pass,fail,True
BigCodeBench/215,new800,pass,fail,True
BigCodeBench/958,new800,pass,fail,True
BigCodeBench/340,new800,fail,fail,False
BigCodeBench/1105,new800,pass,fail,True
BigCodeBench/506,new800,pass,fail,True
BigCodeBench/510,new800,pass,fail,True
BigCodeBench/502,new800,pass,fail,True
BigCodeBench/692,new800,pass,fail,True
BigCodeBench/57,new800,pass,fail,True
BigCodeBench/441,new800,pass,fail,True
BigCodeBench/319,new800,pass,fail,True
BigCodeBench/370,new800,pass,fail,True
BigCodeBench/490,new800,fail,fail,False
BigCodeBench/629,new800,pass,fail,True
BigCodeBench/379,new800,pass,fail,True
BigCodeBench/963,new800,pass,fail,True
BigCodeBench/58,new800,pass,fail,True
BigCodeBench/706,new800,pass,fail,True
BigCodeBench/977,new800,pass,fail,True
BigCodeBench/546,new800,fail,fail,False
BigCodeBench/870,new800,pass,fail,True
BigCodeBench/961,new800,pass,fail,True
BigCodeBench/484,new800,pass,fail,True
BigCodeBench/77,new800,fail,fail,False
BigCodeBench/696,new800,pass,fail,True
BigCodeBench/639,new800,pass,fail,True
BigCodeBench/777,new800,pass,fail,True
BigCodeBench/307,new800,pass,fail,True
BigCodeBench/23,new800,pass,fail,True
BigCodeBench/267,new800,pass,fail,True
BigCodeBench/774,new800,pass,fail,True
BigCodeBench/11,new800,pass,fail,True
BigCodeBench/809,new800,pass,fail,True
BigCodeBench/900,new800,pass,fail,True
BigCodeBench/212,new800,pass,fail,True
BigCodeBench/1066,new800,pass,fail,True
BigCodeBench/846,new800,pass,fail,True
BigCodeBench/571,new800,pass,fail,True
BigCodeBench/89,new800,pass,fail,True
BigCodeBench/667,new800,pass,fail,True
BigCodeBench/877,new800,pass,fail,True
BigCodeBench/159,new800,pass,fail,True
BigCodeBench/487,new800,pass,fail,True
BigCodeBench/898,new800,pass,fail,True
BigCodeBench/280,new800,pass,fail,True
BigCodeBench/550,new800,pass,fail,True
BigCodeBench/269,new800,pass,fail,True
BigCodeBench/538,new800,pass,fail,True
BigCodeBench/196,new800,pass,fail,True
BigCodeBench/501,new800,fail,fail,False
BigCodeBench/438,new800,pass,fail,True
BigCodeBench/874,new800,pass,fail,True
BigCodeBench/884,new800,pass,fail,True
BigCodeBench/140,new800,pass,fail,True
BigCodeBench/693,new800,pass,fail,True
BigCodeBench/193,new800,pass,fail,True
BigCodeBench/1116,new800,pass,fail,True
BigCodeBench/375,new800,pass,fail,True
BigCodeBench/233,new800,pass,fail,True
BigCodeBench/851,new800,pass,fail,True
BigCodeBench/110,new800,pass,fail,True
BigCodeBench/1090,new800,pass,fail,True
BigCodeBench/935,new800,pass,fail,True
BigCodeBench/1111,new800,pass,fail,True
BigCodeBench/634,new800,pass,fail,True
BigCodeBench/248,new800,pass,fail,True
BigCodeBench/13,new800,pass,fail,True
BigCodeBench/627,new800,pass,fail,True
BigCodeBench/739,new800,pass,fail,True
BigCodeBench/969,new800,pass,fail,True
BigCodeBench/628,new800,pass,fail,True
BigCodeBench/1032,new800,pass,fail,True
BigCodeBench/508,new800,pass,fail,True
BigCodeBench/334,new800,pass,fail,True
BigCodeBench/939,new800,pass,fail,True
BigCodeBench/691,new800,pass,fail,True
BigCodeBench/414,new800,pass,fail,True
BigCodeBench/1006,new800,pass,fail,True
BigCodeBench/594,new800,pass,fail,True
BigCodeBench/584,new800,pass,fail,True
BigCodeBench/966,new800,pass,fail,True
BigCodeBench/938,new800,pass,fail,True
BigCodeBench/121,new800,pass,fail,True
BigCodeBench/566,new800,pass,fail,True
BigCodeBench/1100,new800,pass,fail,True
BigCodeBench/473,new800,pass,fail,True
BigCodeBench/973,new800,pass,fail,True
BigCodeBench/820,new800,pass,fail,True
BigCodeBench/214,new800,pass,fail,True
BigCodeBench/979,new800,pass,fail,True
BigCodeBench/613,new800,pass,fail,True
BigCodeBench/557,new800,pass,fail,True
BigCodeBench/488,new800,pass,fail,True
BigCodeBench/819,new800,pass,fail,True
BigCodeBench/1114,new800,pass,fail,True
BigCodeBench/92,new800,pass,fail,True
BigCodeBench/516,new800,pass,fail,True
BigCodeBench/366,new800,pass,fail,True
BigCodeBench/876,new800,pass,fail,True
BigCodeBench/260,new800,pass,fail,True
BigCodeBench/491,new800,pass,fail,True
BigCodeBench/138,new800,pass,fail,True
BigCodeBench/711,new800,pass,fail,True
BigCodeBench/775,new800,pass,fail,True
BigCodeBench/933,new800,fail,fail,False
BigCodeBench/1063,new800,pass,fail,True
BigCodeBench/837,new800,pass,fail,True
BigCodeBench/225,new800,pass,fail,True
BigCodeBench/658,new800,pass,fail,True
BigCodeBench/66,new800,pass,fail,True
BigCodeBench/120,new800,pass,fail,True
BigCodeBench/780,new800,pass,fail,True
BigCodeBench/911,new800,pass,fail,True
BigCodeBench/808,new800,fail,fail,False
BigCodeBench/403,new800,pass,fail,True
BigCodeBench/813,new800,pass,fail,True
BigCodeBench/928,new800,pass,fail,True
BigCodeBench/151,new800,pass,fail,True
BigCodeBench/498,new800,fail,fail,False
BigCodeBench/1139,new800,pass,fail,True
BigCodeBench/1088,new800,pass,fail,True
BigCodeBench/660,new800,pass,fail,True
BigCodeBench/669,new800,pass,fail,True
BigCodeBench/1068,new800,pass,fail,True
BigCodeBench/707,new800,pass,fail,True
BigCodeBench/801,new800,pass,fail,True
BigCodeBench/838,new800,pass,fail,True
BigCodeBench/558,new800,pass,fail,True
BigCodeBench/8,new800,pass,fail,True
BigCodeBench/919,new800,pass,fail,True
BigCodeBench/698,new800,pass,fail,True
BigCodeBench/994,new800,pass,fail,True
BigCodeBench/618,new800,pass,fail,True
BigCodeBench/702,new800,pass,fail,True
BigCodeBench/766,new800,pass,fail,True
BigCodeBench/773,new800,pass,fail,True
BigCodeBench/512,new800,pass,fail,True
BigCodeBench/1052,new800,pass,fail,True
BigCodeBench/791,new800,pass,fail,True
BigCodeBench/125,new800,pass,fail,True
BigCodeBench/784,new800,pass,fail,True
BigCodeBench/519,new800,pass,fail,True
BigCodeBench/461,new800,fail,fail,False
BigCodeBench/905,new800,pass,fail,True
BigCodeBench/805,new800,pass,fail,True
BigCodeBench/733,new800,pass,fail,True
BigCodeBench/971,new800,pass,fail,True
BigCodeBench/649,new800,pass,fail,True
BigCodeBench/462,new800,pass,fail,True
BigCodeBench/575,new800,pass,fail,True
BigCodeBench/103,new800,pass,fail,True
BigCodeBench/19,new800,pass,fail,True
BigCodeBench/761,new800,pass,fail,True
BigCodeBench/990,new800,pass,fail,True
BigCodeBench/635,new800,pass,fail,True
BigCodeBench/76,new800,fail,fail,False
BigCodeBench/1049,new800,pass,fail,True
BigCodeBench/1104,new800,pass,fail,True
BigCodeBench/648,new800,pass,fail,True
BigCodeBench/997,new800,pass,fail,True
BigCodeBench/175,new800,pass,fail,True
BigCodeBench/240,new800,pass,fail,True
BigCodeBench/1119,new800,pass,fail,True
BigCodeBench/217,new800,pass,fail,True
BigCodeBench/1095,new800,pass,fail,True
BigCodeBench/288,new800,pass,fail,True
BigCodeBench/647,new800,pass,fail,True
BigCodeBench/896,new800,pass,fail,True
BigCodeBench/547,new800,pass,fail,True
BigCodeBench/471,new800,pass,fail,True
BigCodeBench/753,new800,pass,fail,True
BigCodeBench/44,new800,pass,fail,True
BigCodeBench/909,new800,pass,fail,True
BigCodeBench/548,new800,pass,fail,True
BigCodeBench/257,new800,pass,fail,True
BigCodeBench/670,new800,pass,fail,True
BigCodeBench/98,new800,pass,fail,True
BigCodeBench/83,new800,fail,fail,False
BigCodeBench/297,new800,pass,fail,True
BigCodeBench/551,new800,pass,fail,True
BigCodeBench/918,new800,pass,fail,True
BigCodeBench/595,new800,pass,fail,True
BigCodeBench/455,new800,pass,fail,True
BigCodeBench/555,new800,pass,fail,True
BigCodeBench/748,new800,pass,fail,True
BigCodeBench/1135,new800,pass,fail,True
BigCodeBench/956,new800,pass,fail,True
BigCodeBench/445,new800,pass,fail,True
BigCodeBench/781,new800,pass,fail,True
BigCodeBench/62,new800,pass,fail,True
BigCodeBench/685,new800,pass,fail,True
BigCodeBench/517,new800,pass,fail,True
BigCodeBench/247,new800,pass,fail,True
BigCodeBench/804,new800,pass,fail,True
BigCodeBench/365,new800,pass,fail,True
BigCodeBench/946,new800,pass,fail,True
BigCodeBench/1089,new800,pass,fail,True
BigCodeBench/637,new800,pass,fail,True
BigCodeBench/503,new800,pass,fail,True
BigCodeBench/682,new800,pass,fail,True
BigCodeBench/108,new800,pass,fail,True
BigCodeBench/567,new800,pass,fail,True
BigCodeBench/511,new800,pass,fail,True
BigCodeBench/1023,new800,pass,fail,True
BigCodeBench/1077,new800,pass,fail,True
BigCodeBench/795,new800,pass,fail,True
BigCodeBench/380,new800,pass,fail,True
BigCodeBench/117,new800,pass,fail,True
BigCodeBench/893,new800,pass,fail,True
BigCodeBench/717,new800,pass,fail,True
BigCodeBench/47,new800,pass,fail,True
BigCodeBench/727,new800,pass,fail,True
BigCodeBench/162,new800,pass,fail,True
BigCodeBench/988,new800,pass,fail,True
BigCodeBench/343,new800,pass,fail,True
BigCodeBench/783,new800,pass,fail,True
BigCodeBench/709,new800,pass,fail,True
BigCodeBench/301,new800,pass,fail,True
BigCodeBench/904,new800,pass,fail,True
BigCodeBench/586,new800,pass,fail,True
BigCodeBench/954,new800,pass,fail,True
BigCodeBench/1078,new800,pass,fail,True
BigCodeBench/264,new800,pass,fail,True
BigCodeBench/1064,new800,pass,fail,True
BigCodeBench/341,new800,pass,fail,True
BigCodeBench/690,new800,pass,fail,True
BigCodeBench/611,new800,pass,fail,True
BigCodeBench/848,new800,pass,fail,True
BigCodeBench/860,new800,pass,fail,True
BigCodeBench/875,new800,pass,fail,True
BigCodeBench/1035,new800,pass,fail,True
BigCodeBench/363,new800,timeout,fail,False
BigCodeBench/306,new800,pass,fail,True
BigCodeBench/759,new800,pass,fail,True
BigCodeBench/507,new800,pass,fail,True
BigCodeBench/82,new800,fail,fail,False
BigCodeBench/145,new800,pass,fail,True
BigCodeBench/61,new800,pass,fail,True
BigCodeBench/942,new800,pass,fail,True
BigCodeBench/1093,new800,pass,fail,True
BigCodeBench/315,new800,fail,fail,False
BigCodeBench/972,new800,pass,fail,True
BigCodeBench/231,new800,pass,fail,True
BigCodeBench/245,new800,pass,fail,True
BigCodeBench/1001,new800,pass,fail,True
BigCodeBench/87,new800,pass,fail,True
BigCodeBench/481,new800,pass,fail,True
BigCodeBench/492,new800,pass,fail,True
BigCodeBench/277,new800,pass,fail,True
BigCodeBench/90,new800,pass,fail,True
BigCodeBench/475,new800,pass,fail,True
BigCodeBench/1045,new800,pass,fail,True
BigCodeBench/825,new800,pass,fail,True
BigCodeBench/652,new800,pass,fail,True
BigCodeBench/737,new800,pass,fail,True
BigCodeBench/459,new800,fail,fail,False
BigCodeBench/868,new800,pass,fail,True
BigCodeBench/1073,new800,pass,fail,True
BigCodeBench/201,new800,pass,fail,True
BigCodeBench/179,new800,pass,fail,True
BigCodeBench/878,new800,pass,fail,True
BigCodeBench/684,new800,pass,fail,True
BigCodeBench/298,new800,pass,fail,True
BigCodeBench/158,new800,pass,fail,True
BigCodeBench/139,new800,pass,fail,True
BigCodeBench/843,new800,pass,fail,True
BigCodeBench/903,new800,pass,fail,True
BigCodeBench/664,new800,pass,fail,True
BigCodeBench/826,new800,pass,fail,True
BigCodeBench/922,new800,pass,fail,True
BigCodeBench/897,new800,pass,fail,True
BigCodeBench/376,new800,pass,fail,True
BigCodeBench/191,new800,pass,fail,True
BigCodeBench/123,new800,pass,fail,True
BigCodeBench/1021,new800,pass,fail,True
BigCodeBench/398,new800,pass,fail,True
BigCodeBench/1002,new800,pass,fail,True
BigCodeBench/384,new800,pass,fail,True
BigCodeBench/118,new800,pass,fail,True
BigCodeBench/995,new800,pass,fail,True
BigCodeBench/402,new800,pass,fail,True
BigCodeBench/937,new800,pass,fail,True
BigCodeBench/829,new800,pass,fail,True
BigCodeBench/840,new800,pass,fail,True
BigCodeBench/953,new800,pass,fail,True
BigCodeBench/410,new800,pass,fail,True
BigCodeBench/46,new800,pass,fail,True
BigCodeBench/1020,new800,fail,fail,False
BigCodeBench/290,new800,pass,fail,True
BigCodeBench/657,new800,fail,fail,False
BigCodeBench/489,new800,pass,fail,True
BigCodeBench/1057,new800,pass,fail,True
BigCodeBench/51,new800,pass,fail,True
BigCodeBench/608,new800,pass,fail,True
BigCodeBench/327,new800,pass,fail,True
BigCodeBench/80,new800,fail,fail,False
BigCodeBench/542,new800,pass,fail,True
BigCodeBench/112,new800,pass,fail,True
BigCodeBench/987,new800,pass,fail,True
BigCodeBench/883,new800,pass,fail,True
BigCodeBench/736,new800,pass,fail,True
BigCodeBench/113,new800,pass,fail,True
BigCodeBench/136,new800,pass,fail,True
BigCodeBench/1092,new800,pass,fail,True
BigCodeBench/392,new800,pass,fail,True
BigCodeBench/453,new800,pass,fail,True
BigCodeBench/537,new800,pass,fail,True
BigCodeBench/1099,new800,pass,fail,True
BigCodeBench/1040,new800,pass,fail,True
BigCodeBench/477,new800,pass,fail,True
BigCodeBench/760,new800,pass,fail,True
BigCodeBench/15,new800,pass,fail,True
BigCodeBench/500,new800,pass,fail,True
BigCodeBench/1123,new800,pass,fail,True
BigCodeBench/197,new800,pass,fail,True
BigCodeBench/95,new800,pass,fail,True
BigCodeBench/943,new800,pass,fail,True
BigCodeBench/523,new800,pass,fail,True
BigCodeBench/620,new800,pass,fail,True
BigCodeBench/1113,new800,pass,fail,True
BigCodeBench/976,new800,pass,fail,True
BigCodeBench/1058,new800,pass,fail,True
BigCodeBench/853,new800,pass,fail,True
BigCodeBench/449,new800,pass,fail,True
BigCodeBench/1134,new800,pass,fail,True
BigCodeBench/396,new800,pass,fail,True
BigCodeBench/102,new800,pass,fail,True
BigCodeBench/856,new800,pass,fail,True
BigCodeBench/574,new800,pass,fail,True
BigCodeBench/518,new800,pass,fail,True
BigCodeBench/177,new800,pass,fail,True
BigCodeBench/880,new800,pass,fail,True
BigCodeBench/957,new800,pass,fail,True
BigCodeBench/22,new800,pass,fail,True
BigCodeBench/442,new800,pass,fail,True
BigCodeBench/119,new800,pass,fail,True
BigCodeBench/1080,new800,pass,fail,True
BigCodeBench/524,new800,pass,fail,True
BigCodeBench/394,new800,pass,fail,True
BigCodeBench/624,new800,pass,fail,True
BigCodeBench/857,new800,pass,fail,True
BigCodeBench/411,new800,pass,fail,True
BigCodeBench/799,new800,pass,fail,True
BigCodeBench/568,new800,pass,fail,True
BigCodeBench/674,new800,pass,fail,True
BigCodeBench/79,new800,fail,fail,False
BigCodeBench/181,new800,fail,fail,False
BigCodeBench/862,new800,pass,fail,True
BigCodeBench/768,new800,pass,fail,True
BigCodeBench/226,new800,pass,fail,True
BigCodeBench/677,new800,pass,fail,True
BigCodeBench/369,new800,pass,fail,True
BigCodeBench/400,new800,pass,fail,True
BigCodeBench/495,new800,pass,fail,True
BigCodeBench/148,new800,pass,fail,True
BigCodeBench/252,new800,pass,fail,True
BigCodeBench/924,new800,pass,fail,True
BigCodeBench/564,new800,pass,fail,True
BigCodeBench/266,new800,pass,fail,True
BigCodeBench/1109,new800,pass,fail,True
BigCodeBench/63,new800,pass,fail,True
BigCodeBench/18,new800,pass,fail,True
BigCodeBench/823,new800,pass,fail,True
BigCodeBench/470,new800,pass,fail,True
BigCodeBench/424,new800,pass,fail,True
BigCodeBench/771,new800,pass,fail,True
BigCodeBench/404,new800,pass,fail,True
BigCodeBench/302,new800,pass,fail,True
BigCodeBench/758,new800,pass,fail,True
BigCodeBench/64,new800,pass,fail,True
BigCodeBench/638,new800,pass,fail,True
BigCodeBench/1017,new800,pass,fail,True
BigCodeBench/426,new800,pass,fail,True
BigCodeBench/132,new800,pass,fail,True
BigCodeBench/1062,new800,pass,fail,True
BigCodeBench/991,new800,pass,fail,True
BigCodeBench/483,new800,pass,fail,True
BigCodeBench/142,new800,pass,fail,True
BigCodeBench/889,new800,pass,fail,True
BigCodeBench/749,new800,pass,fail,True
BigCodeBench/716,new800,pass,fail,True
BigCodeBench/208,new800,pass,fail,True
BigCodeBench/968,new800,pass,fail,True
BigCodeBench/171,new800,pass,fail,True
BigCodeBench/562,new800,pass,fail,True
BigCodeBench/30,new800,pass,fail,True
BigCodeBench/1031,new800,pass,fail,True
BigCodeBench/111,new800,fail,fail,False
BigCodeBench/561,new800,pass,fail,True
BigCodeBench/213,new800,pass,fail,True
BigCodeBench/770,new800,pass,fail,True
BigCodeBench/787,new800,pass,fail,True
BigCodeBench/543,new800,pass,fail,True
BigCodeBench/923,new800,pass,fail,True
BigCodeBench/1039,new800,pass,fail,True
BigCodeBench/993,new800,pass,fail,True
BigCodeBench/576,new800,pass,fail,True
BigCodeBench/129,new800,pass,fail,True
BigCodeBench/496,new800,pass,fail,True
BigCodeBench/114,new800,pass,fail,True
BigCodeBench/756,new800,pass,fail,True
BigCodeBench/188,new800,fail,fail,False
BigCodeBench/133,new800,pass,fail,True
BigCodeBench/337,new800,pass,fail,True
BigCodeBench/395,new800,fail,fail,False
BigCodeBench/680,new800,pass,fail,True
BigCodeBench/466,new800,pass,fail,True
BigCodeBench/710,new800,pass,fail,True
BigCodeBench/947,new800,pass,fail,True
BigCodeBench/1047,new800,pass,fail,True
BigCodeBench/209,new800,pass,fail,True
BigCodeBench/126,new800,pass,fail,True
BigCodeBench/310,new800,pass,fail,True
BigCodeBench/448,new800,pass,fail,True
BigCodeBench/563,new800,pass,fail,True
BigCodeBench/626,new800,pass,fail,True
BigCodeBench/540,new800,pass,fail,True
BigCodeBench/1061,new800,pass,fail,True
BigCodeBench/474,new800,pass,fail,True
BigCodeBench/675,new800,pass,fail,True
BigCodeBench/1129,new800,pass,fail,True
BigCodeBench/355,new800,pass,fail,True
BigCodeBench/722,new800,pass,fail,True
BigCodeBench/901,new800,pass,fail,True
BigCodeBench/99,new800,pass,fail,True
BigCodeBench/281,new800,pass,fail,True
BigCodeBench/237,new800,pass,fail,True
BigCodeBench/1014,new800,pass,fail,True
BigCodeBench/802,new800,pass,fail,True
BigCodeBench/274,new800,pass,fail,True
BigCodeBench/765,new800,pass,fail,True
BigCodeBench/27,new800,pass,fail,True
BigCodeBench/333,new800,pass,fail,True
BigCodeBench/570,new800,pass,fail,True
BigCodeBench/1012,new800,fail,fail,False
BigCodeBench/532,new800,pass,fail,True
BigCodeBench/74,new800,pass,fail,True
BigCodeBench/1026,new800,pass,fail,True
BigCodeBench/1044,new800,pass,fail,True
BigCodeBench/526,new800,pass,fail,True
BigCodeBench/582,new800,pass,fail,True
BigCodeBench/515,new800,pass,fail,True
BigCodeBench/230,new800,pass,fail,True
BigCodeBench/270,new800,pass,fail,True
BigCodeBench/1038,new800,pass,timeout,False
BigCodeBench/259,new800,pass,fail,True
BigCodeBench/346,new800,pass,fail,True
BigCodeBench/166,new800,fail,fail,False
BigCodeBench/1102,new800,pass,fail,True
BigCodeBench/785,new800,pass,fail,True
BigCodeBench/1117,new800,pass,fail,True
BigCodeBench/463,new800,pass,fail,True
BigCodeBench/130,new800,pass,fail,True
BigCodeBench/1118,new800,pass,fail,True
BigCodeBench/55,new800,pass,fail,True
BigCodeBench/651,new800,pass,fail,True
BigCodeBench/1098,new800,pass,fail,True
BigCodeBench/408,new800,pass,fail,True
BigCodeBench/106,new800,pass,fail,True
BigCodeBench/598,new800,pass,fail,True
BigCodeBench/751,new800,pass,fail,True
BigCodeBench/822,new800,pass,fail,True
BigCodeBench/250,new800,pass,fail,True
BigCodeBench/835,new800,pass,fail,True
BigCodeBench/912,new800,pass,fail,True
BigCodeBench/357,new800,pass,fail,True
BigCodeBench/93,new800,pass,fail,True
BigCodeBench/65,new800,pass,fail,True
BigCodeBench/86,new800,pass,fail,True
BigCodeBench/397,new800,pass,fail,True
BigCodeBench/959,new800,pass,fail,True
BigCodeBench/1083,new800,pass,fail,True
BigCodeBench/141,new800,pass,fail,True
BigCodeBench/227,new800,fail,fail,False
BigCodeBench/160,new800,pass,fail,True
BigCodeBench/305,new800,pass,fail,True
BigCodeBench/580,new800,pass,fail,True
BigCodeBench/304,new800,pass,fail,True
BigCodeBench/869,new800,pass,fail,True
BigCodeBench/339,new800,pass,fail,True
BigCodeBench/697,new800,pass,fail,True
BigCodeBench/144,new800,pass,fail,True
BigCodeBench/222,new800,pass,fail,True
BigCodeBench/609,new800,pass,fail,True
BigCodeBench/371,new800,pass,fail,True
BigCodeBench/1085,new800,pass,fail,True
BigCodeBench/41,new800,pass,fail,True
BigCodeBench/962,new800,pass,fail,True
BigCodeBench/1065,new800,pass,fail,True
BigCodeBench/314,new800,fail,fail,False
BigCodeBench/769,new800,pass,fail,True
BigCodeBench/67,new800,pass,fail,True
BigCodeBench/792,new800,pass,fail,True
BigCodeBench/747,new800,pass,fail,True
BigCodeBench/661,new800,pass,fail,True
BigCodeBench/793,new800,pass,fail,True
BigCodeBench/223,new800,pass,fail,True
BigCodeBench/1103,new800,pass,fail,True
BigCodeBench/10,new800,pass,fail,True
BigCodeBench/17,new800,fail,fail,False
BigCodeBench/662,new800,pass,fail,True
BigCodeBench/358,new800,pass,fail,True
BigCodeBench/1042,new800,pass,fail,True
BigCodeBench/154,new800,pass,fail,True
BigCodeBench/485,new800,pass,fail,True
BigCodeBench/932,new800,pass,fail,True
BigCodeBench/527,new800,pass,fail,True
BigCodeBench/104,new800,pass,fail,True
BigCodeBench/205,new800,timeout,fail,False
BigCodeBench/94,new800,pass,fail,True
BigCodeBench/351,new800,pass,fail,True
BigCodeBench/216,new800,pass,fail,True
BigCodeBench/920,new800,pass,fail,True
BigCodeBench/789,new800,pass,fail,True
BigCodeBench/996,new800,pass,fail,True
BigCodeBench/522,new800,pass,fail,True
BigCodeBench/195,new800,pass,fail,True
BigCodeBench/720,new800,pass,fail,True
BigCodeBench/437,new800,pass,fail,True
BigCodeBench/762,new800,pass,fail,True
BigCodeBench/633,new800,pass,fail,True
BigCodeBench/192,new800,pass,fail,True
BigCodeBench/352,new800,pass,fail,True
BigCodeBench/866,new800,pass,fail,True
BigCodeBench/1082,new800,pass,fail,True
BigCodeBench/311,new800,pass,fail,True
BigCodeBench/764,new800,pass,fail,True
BigCodeBench/951,new800,pass,fail,True
BigCodeBench/572,new800,pass,fail,True
BigCodeBench/210,new800,pass,fail,True
BigCodeBench/335,new800,pass,fail,True
BigCodeBench/729,new800,pass,fail,True
BigCodeBench/921,new800,pass,fail,True
BigCodeBench/965,new800,pass,fail,True
BigCodeBench/847,new800,pass,fail,True
BigCodeBench/52,new800,pass,fail,True
BigCodeBench/821,new800,pass,fail,True
BigCodeBench/949,new800,pass,fail,True
BigCodeBench/559,new800,pass,fail,True
BigCodeBench/828,new800,pass,fail,True
BigCodeBench/1067,new800,pass,fail,True
BigCodeBench/520,new800,pass,fail,True
BigCodeBench/476,new800,pass,fail,True
BigCodeBench/39,new800,pass,fail,True
BigCodeBench/268,new800,pass,fail,True
BigCodeBench/336,new800,pass,fail,True
BigCodeBench/180,new800,fail,fail,False
BigCodeBench/1037,new800,pass,fail,True
BigCodeBench/610,new800,pass,fail,True
BigCodeBench/60,new800,pass,fail,True
BigCodeBench/602,new800,pass,fail,True
BigCodeBench/950,new800,pass,fail,True
BigCodeBench/622,new800,pass,fail,True
BigCodeBench/134,new800,pass,fail,True
BigCodeBench/413,new800,fail,fail,False
BigCodeBench/967,new800,pass,fail,True
BigCodeBench/497,new800,pass,fail,True
BigCodeBench/645,new800,pass,fail,True
BigCodeBench/324,new800,pass,fail,True
BigCodeBench/190,new800,pass,fail,True
BigCodeBench/12,new800,pass,fail,True
BigCodeBench/1094,new800,pass,fail,True
BigCodeBench/460,new800,fail,fail,False
BigCodeBench/9,new800,pass,fail,True
BigCodeBench/292,new800,pass,fail,True
BigCodeBench/886,new800,pass,fail,True
BigCodeBench/480,new800,pass,fail,True
BigCodeBench/1136,new800,pass,fail,True
BigCodeBench/743,new800,pass,fail,True
BigCodeBench/1076,new800,pass,fail,True
BigCodeBench/122,new800,pass,fail,True
BigCodeBench/700,new800,pass,fail,True
BigCodeBench/465,new800,pass,fail,True
BigCodeBench/741,new800,pass,fail,True
BigCodeBench/724,new800,pass,fail,True
BigCodeBench/383,new800,fail,fail,False
BigCodeBench/332,new800,pass,fail,True
BigCodeBench/772,new800,pass,fail,True
BigCodeBench/731,new800,pass,fail,True
BigCodeBench/362,new800,pass,fail,True
BigCodeBench/902,new800,pass,fail,True
